ID,VersionID,Language,VersionTime,BranchName,BatchID,Sample,Batch,Tear,Burst,BL
1,1,ENG,2018-08-22 13:36,1,1,LR16-019-1AD-0,8791,26.489,2.58621,3.39842
2,1,ENG,2018-08-22 13:37,1,2,LR16-019-1AD-0,8791,26.489,2.58621,3.39842
3,1,ENG,2018-08-22 13:39,1,3,LR16-019-1AD-0,8791,26.489,2.58621,3.39842
4,1,ENG,2019-05-08 14:52,1,4,LR16-019-1AD-0,8791,26.489,2.58621,3.39842
5,1,ENG,2019-05-08 14:53,1,5,LR16-019-1AD-0,8791,26.489,2.58621,3.39842
6,1,ENG,2019-05-08 14:55,1,6,LR16-019-1AD-0,8791,26.489,2.58621,3.39842
7,1,ENG,2019-05-08 14:56,1,7,LR16-019-1AD-0,8791,26.489,2.58621,3.39842
8,1,ENG,2019-05-08 14:57,1,8,LR16-019-1AD-0,8791,26.489,2.58621,3.39842
9,1,ENG,2019-05-23 11:41,1,9,LR17-050-0,9119,26.8488,3.21349,4.11299
10,1,ENG,2019-05-23 11:41,1,10,LR17-050-0,9119,26.8488,3.21349,4.11299
11,1,ENG,2019-05-23 11:42,1,11,LR17-050-0,9119,26.8488,3.21349,4.11299
12,1,ENG,2019-05-29 15:02,1,12,LR17-059R2-0,9788,26.7131,2.90015,3.47481
13,1,ENG,2019-05-29 15:03,1,13,LR17-059R2-0,9788,26.7131,2.90015,3.47481
14,1,ENG,2019-05-29 15:04,1,14,LR17-059R2-0,9788,26.7131,2.90015,3.47481
15,1,ENG,2019-05-29 14:15,1,15,LR17-061-0,9275,29.242,2.89732,3.89559
16,1,ENG,2019-05-29 14:15,1,16,LR17-061-0,9275,29.242,2.89732,3.89559
17,1,ENG,2019-05-29 14:16,1,17,LR17-061-0,9275,29.242,2.89732,3.89559
18,1,ENG,2019-05-23 14:57,1,18,LR17-063-0,9065,31.3435,2.86762,3.7464
19,1,ENG,2019-05-23 14:58,1,19,LR17-063-0,9065,31.3435,2.86762,3.7464
20,1,ENG,2019-05-23 14:59,1,20,LR17-063-0,9065,31.3435,2.86762,3.7464
21,1,ENG,2019-05-23 13:56,1,21,LR17-064-0,9066,30.05,2.66,3.62
22,1,ENG,2019-05-23 13:57,1,22,LR17-064-0,9066,30.05,2.66,3.62
23,1,ENG,2019-05-23 13:58,1,23,LR17-064-0,9066,30.05,2.66,3.62
24,1,ENG,2019-05-29 14:53,1,24,LR17-065R-0,10249,28.0825,3.14906,4.05922
25,1,ENG,2019-05-29 14:54,1,25,LR17-065R-0,10249,28.0825,3.14906,4.05922
26,1,ENG,2019-05-29 15:00,1,26,LR17-065R-0,10249,28.0825,3.14906,4.05922
27,1,ENG,2019-05-23 14:35,1,27,LR17-066-0,9062,26.6205,2.76288,3.58303
28,1,ENG,2019-05-23 14:36,1,28,LR17-066-0,9062,26.6205,2.76288,3.58303
29,1,ENG,2019-05-23 14:37,1,29,LR17-066-0,9062,26.6205,2.76288,3.58303
30,1,ENG,2019-05-29 14:20,1,30,LR17-079-0,9122,25.9602,2.61566,3.13893
31,1,ENG,2019-05-29 14:22,1,31,LR17-079-0,9122,25.9602,2.61566,3.13893
32,1,ENG,2019-05-29 14:24,1,32,LR17-079-0,9122,25.9602,2.61566,3.13893
33,1,ENG,2019-05-23 9:35,1,33,LR17-080-0,9206,25.2133,2.94968,3.63372
34,1,ENG,2019-05-23 9:35,1,34,LR17-080-0,9206,25.2133,2.94968,3.63372
35,1,ENG,2019-05-23 9:36,1,35,LR17-080-0,9206,25.2133,2.94968,3.63372
36,1,ENG,2019-06-20 13:55,1,36,LR17-083-0,9260,30.5289,2.59562,3.31768
37,1,ENG,2019-06-20 13:56,1,37,LR17-083-0,9260,30.5289,2.59562,3.31768
38,1,ENG,2019-06-20 13:57,1,38,LR17-083-0,9260,30.5289,2.59562,3.31768
39,1,ENG,2019-06-20 14:04,1,39,LR17-084-0,9334,28.1984,2.46224,3.24467
40,1,ENG,2019-06-20 14:04,1,40,LR17-084-0,9334,28.1984,2.46224,3.24467
41,1,ENG,2019-06-20 14:05,1,41,LR17-084-0,9334,28.1984,2.46224,3.24467
42,1,ENG,2019-07-02 9:13,1,42,LR17-087-0,9300,26.0802,2.75336,3.58078
43,1,ENG,2019-07-02 9:13,1,43,LR17-087-0,9300,26.0802,2.75336,3.58078
44,1,ENG,2019-07-02 9:14,1,44,LR17-087-0,9300,26.0802,2.75336,3.58078
45,1,ENG,2019-07-02 9:17,1,45,LR17-088-0,9074,27.5467,2.65989,3.44953
46,1,ENG,2019-07-02 9:17,1,46,LR17-088-0,9074,27.5467,2.65989,3.44953
47,1,ENG,2019-07-02 9:18,1,47,LR17-088-0,9074,27.5467,2.65989,3.44953
48,1,ENG,2019-05-30 14:40,1,48,LR17-092-0,9285,24.5001,2.95384,3.91704
49,1,ENG,2019-05-30 14:41,1,49,LR17-092-0,9285,24.5001,2.95384,3.91704
50,1,ENG,2019-05-30 14:41,1,50,LR17-092-0,9285,24.5001,2.95384,3.91704
51,1,ENG,2019-05-30 14:44,1,51,LR17-093-0,9431,27.9379,2.64976,3.43083
52,1,ENG,2019-05-30 14:45,1,52,LR17-093-0,9431,27.9379,2.64976,3.43083
53,1,ENG,2019-05-30 14:46,1,53,LR17-093-0,9431,27.9379,2.64976,3.43083
54,1,ENG,2019-05-30 14:48,1,54,LR17-094-0,9120,27.8269,2.58325,3.29608
55,1,ENG,2019-05-30 14:49,1,55,LR17-094-0,9120,27.8269,2.58325,3.29608
56,1,ENG,2019-05-30 14:49,1,56,LR17-094-0,9120,27.8269,2.58325,3.29608
57,1,ENG,2019-05-30 14:55,1,57,LR17-095-0,9191,26.6723,3.13059,4.14744
58,1,ENG,2019-05-30 14:55,1,58,LR17-095-0,9191,26.6723,3.13059,4.14744
59,1,ENG,2019-05-30 14:56,1,59,LR17-095-0,9191,26.6723,3.13059,4.14744
60,1,ENG,2019-05-23 9:30,1,60,LR17-097-0,9270,25.0878,2.41788,3.05503
61,1,ENG,2019-05-23 9:31,1,61,LR17-097-0,9270,25.0878,2.41788,3.05503
62,1,ENG,2019-05-23 9:33,1,62,LR17-097-0,9270,25.0878,2.41788,3.05503
63,1,ENG,2019-05-23 9:26,1,63,LR17-098-0,9121,29.2603,2.70886,3.38704
64,1,ENG,2019-05-23 9:27,1,64,LR17-098-0,9121,29.2603,2.70886,3.38704
65,1,ENG,2019-05-23 9:28,1,65,LR17-098-0,9121,29.2603,2.70886,3.38704
66,1,ENG,2018-08-22 14:05,1,68,LR17-103-0,9151,5.60326,0.957582,2.03592
67,1,ENG,2018-08-22 14:07,1,69,LR17-106-0,9304,24.25,2.18719,2.71947
68,1,ENG,2018-08-22 14:11,1,70,LR17-108-0,8858,17.1609,1.91087,2.80269
69,1,ENG,2018-08-22 14:13,1,71,LR17-111-0,8844,27.1532,2.0307,2.6115
70,1,ENG,2019-05-23 11:37,1,72,LR17-114-0,9207,26.9091,2.99818,3.64765
71,1,ENG,2019-05-23 11:38,1,73,LR17-114-0,9207,26.9091,2.99818,3.64765
72,1,ENG,2019-05-23 11:39,1,74,LR17-114-0,9207,26.9091,2.99818,3.64765
73,1,ENG,2019-05-29 14:10,1,75,LR17-116-0,9163,26.0396,2.3012,2.96328
74,1,ENG,2019-05-29 14:11,1,76,LR17-116-0,9163,26.0396,2.3012,2.96328
75,1,ENG,2019-05-29 14:12,1,77,LR17-116-0,9163,26.0396,2.3012,2.96328
76,1,ENG,2018-08-22 14:18,1,78,LR17-122-0,9794,10.7711,1.46564,2.38825
77,1,ENG,2018-08-22 14:20,1,79,LR17-123-0,9365,20.2379,2.18874,3.04427
78,1,ENG,2019-05-23 11:33,1,80,LR17-124-0,9318,31.0876,2.97913,3.90983
79,1,ENG,2019-05-23 11:34,1,81,LR17-124-0,9318,31.0876,2.97913,3.90983
80,1,ENG,2019-05-23 11:35,1,82,LR17-124-0,9318,31.0876,2.97913,3.90983
81,1,ENG,2019-05-23 11:05,1,86,LR17-126-0,10047,24.8116,2.34062,3.20762
82,1,ENG,2019-05-23 11:06,1,87,LR17-126-0,10047,24.8116,2.34062,3.20762
83,1,ENG,2019-05-23 11:08,1,88,LR17-126-0,10047,24.8116,2.34062,3.20762
84,1,ENG,2019-05-23 11:02,1,89,LR17-129-0,9180,25.46,2.66728,3.62669
85,1,ENG,2019-05-23 11:02,1,90,LR17-129-0,9180,25.46,2.66728,3.62669
86,1,ENG,2019-05-23 11:03,1,91,LR17-129-0,9180,25.46,2.66728,3.62669
87,1,ENG,2019-05-23 10:35,1,92,LR17-131-0,10060,27.2255,2.83206,3.58925
88,1,ENG,2019-05-23 10:36,1,93,LR17-131-0,10060,27.2255,2.83206,3.58925
89,1,ENG,2019-05-23 10:37,1,94,LR17-131-0,10060,27.2255,2.83206,3.58925
90,1,ENG,2019-05-23 13:52,1,95,LR17-132-0,10082,24.3934,2.41896,3.14357
91,1,ENG,2019-05-23 13:53,1,96,LR17-132-0,10082,24.3934,2.41896,3.14357
92,1,ENG,2019-05-23 13:54,1,97,LR17-132-0,10082,24.3934,2.41896,3.14357
93,1,ENG,2018-08-22 14:24,1,98,LR17-133-0,9306,21.285,2.4303,3.22715
94,1,ENG,2018-08-22 14:25,1,99,LR17-133-0,9306,21.285,2.4303,3.22715
95,1,ENG,2018-08-22 14:27,1,100,LR17-134-0,9380,25.315,3.21701,3.59501
96,1,ENG,2018-08-22 14:32,1,101,LR17-136-0,9189,19.5837,2.93048,3.766
97,1,ENG,2018-08-22 14:34,1,102,LR17-137-0,9305,14.8224,1.20647,1.69774
98,1,ENG,2018-08-22 14:36,1,103,LR17-137-0,9305,14.8224,1.20647,1.69774
99,1,ENG,2018-08-22 14:37,1,104,LR17-137-0,9305,14.8224,1.20647,1.69774
100,1,ENG,2019-05-23 9:21,1,105,LR17-138-0,9369,23.9235,3.20695,4.07859
101,1,ENG,2019-05-23 9:22,1,106,LR17-138-0,9369,23.9235,3.20695,4.07859
102,1,ENG,2019-05-23 9:22,1,107,LR17-138-0,9369,23.9235,3.20695,4.07859
103,1,ENG,2018-08-22 14:43,1,108,LR17-139-0,9240,18.1538,1.69662,2.30152
104,1,ENG,2018-08-22 14:44,1,109,LR17-140-0,9250,19.7231,1.77015,2.34424
105,1,ENG,2018-08-22 14:50,1,110,LR17-141-0,9307,19.0301,1.64747,2.47604
106,1,ENG,2019-05-23 9:17,1,111,LR17-145 0,10200,25.2816,3.1698,4.04981
107,1,ENG,2019-05-23 9:18,1,112,LR17-145 0,10200,25.2816,3.1698,4.04981
108,1,ENG,2019-05-23 9:18,1,113,LR17-145 0,10200,25.2816,3.1698,4.04981
109,1,ENG,2019-05-23 13:48,1,114,LR17-147-0,10121,25.8091,2.66403,3.48737
110,1,ENG,2019-05-23 13:49,1,115,LR17-147-0,10121,25.8091,2.66403,3.48737
111,1,ENG,2019-05-23 13:50,1,116,LR17-147-0,10121,25.8091,2.66403,3.48737
112,1,ENG,2019-05-23 10:07,1,117,LR17-148-0,10153,24.0927,2.24381,2.96955
113,1,ENG,2019-05-23 10:08,1,118,LR17-148-0,10153,24.0927,2.24381,2.96955
114,1,ENG,2019-05-23 10:11,1,119,LR17-148-0,10153,24.0927,2.24381,2.96955
115,1,ENG,2019-05-23 10:01,1,120,LR17-149-0,10138,25.5272,2.64507,3.32705
116,1,ENG,2019-05-23 10:03,1,121,LR17-149-0,10138,25.5272,2.64507,3.32705
117,1,ENG,2019-05-23 10:04,1,122,LR17-149-0,10138,25.5272,2.64507,3.32705
118,1,ENG,2019-05-23 13:44,1,123,LR17-150-0R,10261,23.2179,2.36181,3.33569
119,1,ENG,2019-05-23 13:45,1,124,LR17-150-0R,10261,23.2179,2.36181,3.33569
120,1,ENG,2019-05-23 13:46,1,125,LR17-150-0R,10261,23.2179,2.36181,3.33569
121,1,ENG,2019-05-23 13:40,1,126,LR17-151-0,10095,24.5411,2.6175,3.38887
122,1,ENG,2019-05-23 13:41,1,127,LR17-151-0,10095,24.5411,2.6175,3.38887
123,1,ENG,2019-05-23 13:42,1,128,LR17-151-0,10095,24.5411,2.6175,3.38887
124,1,ENG,2019-05-23 13:35,1,129,LR17-152-0,10169,22.7206,2.45307,3.19127
125,1,ENG,2019-05-23 13:36,1,130,LR17-152-0,10169,22.7206,2.45307,3.19127
126,1,ENG,2019-05-23 13:37,1,131,LR17-152-0,10169,22.7206,2.45307,3.19127
127,1,ENG,2019-05-23 8:49,1,132,LR17-153-0,10158,27.5242,2.74714,3.54309
128,1,ENG,2019-05-23 8:50,1,133,LR17-153-0,10158,27.5242,2.74714,3.54309
129,1,ENG,2019-05-23 8:51,1,134,LR17-153-0,10158,27.5242,2.74714,3.54309
130,1,ENG,2019-05-23 8:46,1,135,LR17-154-0,10184,26.6272,2.61929,3.49215
131,1,ENG,2019-05-23 8:46,1,136,LR17-154-0,10184,26.6272,2.61929,3.49215
132,1,ENG,2019-05-23 8:47,1,137,LR17-154-0,10184,26.6272,2.61929,3.49215
133,1,ENG,2019-05-23 8:41,1,138,LR17-155 0,10205,27.8351,2.80455,3.68787
134,1,ENG,2019-05-23 8:42,1,139,LR17-155 0,10205,27.8351,2.80455,3.68787
135,1,ENG,2019-05-23 8:43,1,140,LR17-155 0,10205,27.8351,2.80455,3.68787
136,1,ENG,2019-05-23 14:26,1,141,LR17-155 0,10205,27.8351,2.80455,3.68787
137,1,ENG,2019-05-23 14:27,1,142,LR17-155 0,10205,27.8351,2.80455,3.68787
138,1,ENG,2019-05-23 14:29,1,143,LR17-155 0,10205,27.8351,2.80455,3.68787
139,1,ENG,2019-05-23 8:28,1,144,LR17-156-0,10174,20.9643,2.59565,3.51092
140,1,ENG,2019-05-23 8:29,1,145,LR17-156-0,10174,20.9643,2.59565,3.51092
141,1,ENG,2019-05-23 8:30,1,146,LR17-156-0,10174,20.9643,2.59565,3.51092
142,1,ENG,2018-08-22 14:51,1,147,LR17-157-0,11295,22.482,2.55658,3.52084
143,1,ENG,2019-06-03 14:53,1,148,LR17-159-0,10179,28.7239,2.87303,3.81995
144,1,ENG,2019-05-30 15:15,1,149,LR17-163-0,9641,26.7159,2.55773,3.59929
145,1,ENG,2019-06-03 15:31,1,150,LR17-164-0,9612,27.8334,3.34855,4.31589
146,1,ENG,2019-05-29 13:58,1,151,LR17-168 0,9945,24.9167,2.46459,3.32038
147,1,ENG,2019-05-29 13:58,1,152,LR17-168 0,9945,24.9167,2.46459,3.32038
148,1,ENG,2019-05-29 13:59,1,153,LR17-168 0,9945,24.9167,2.46459,3.32038
149,1,ENG,2019-05-29 14:05,1,154,LR17-169 0,9951,27.3997,2.16781,3.16356
150,1,ENG,2019-05-29 14:06,1,155,LR17-169 0,9951,27.3997,2.16781,3.16356
151,1,ENG,2019-05-29 14:07,1,156,LR17-169 0,9951,27.3997,2.16781,3.16356
152,1,ENG,2019-05-30 15:03,1,157,LR17-172-0,9630,26.2042,2.44889,3.42401
153,1,ENG,2018-08-22 14:58,1,158,LR17-177-0,9729,20.992,1.93154,3.02075
154,1,ENG,2019-05-30 15:00,1,159,LR17-179-0,9700,26.1912,2.74895,3.68648
155,1,ENG,2019-05-30 15:01,1,160,LR17-180-0,9677,28.206,3.4511,4.21762
156,1,ENG,2019-05-30 15:34,1,161,LR17-181-0,10234,25.9191,2.61073,3.78575
157,1,ENG,2019-05-30 15:35,1,162,LR17-184 0,9886,29.2607,2.64961,3.53152
158,1,ENG,2019-06-03 14:46,1,163,LR17-185 0,9884,26.1396,2.25577,3.35812
159,1,ENG,2019-06-03 14:48,1,164,LR17-188 0,9966,29.2431,2.80384,3.78944
160,1,ENG,2019-06-03 14:59,1,165,LR17-189 0,9976,24.8284,2.38041,3.22895
161,1,ENG,2019-05-30 15:31,1,166,LR17-191-0,10004,24.7473,2.73826,3.63041
162,1,ENG,2019-05-30 15:33,1,167,LR17-194 0,9879,26.8758,2.92675,3.9648
163,1,ENG,2019-05-30 14:59,1,168,LR17-195 0,9981,25.3796,2.73086,3.74028
164,1,ENG,2019-05-30 15:29,1,169,LR17-196 0,9971,25.9782,2.84782,3.87772
165,1,ENG,2019-05-30 15:30,1,170,LR17-197-0,10042,26.005,2.68349,3.6362
166,1,ENG,2018-08-21 8:51,1,171,LR17-199-0,10037,27.9299,2.2494,3.05584
167,1,ENG,2018-08-21 8:54,1,172,LR17-199-0,10037,27.9299,2.2494,3.05584
168,1,ENG,2018-08-22 15:35,1,173,LR17-199-0,10037,27.9299,2.2494,3.05584
169,1,ENG,2018-08-21 8:57,1,174,LR17-199-0,10037,27.9299,2.2494,3.05584
170,1,ENG,2018-08-21 8:59,1,175,LR17-199-0,10037,27.9299,2.2494,3.05584
171,1,ENG,2018-08-21 9:00,1,176,LR17-199-0,10037,27.9299,2.2494,3.05584
172,1,ENG,2018-08-21 9:02,1,177,LR17-200-0,9918,27.3351,3.04731,4.05646
173,1,ENG,2018-08-21 9:03,1,178,LR17-200-0,9918,27.3351,3.04731,4.05646
174,1,ENG,2018-08-21 9:05,1,179,LR17-200-0,9918,27.3351,3.04731,4.05646
175,1,ENG,2018-08-21 9:06,1,180,LR17-200-0,9918,27.3351,3.04731,4.05646
176,1,ENG,2018-08-21 9:08,1,181,LR17-200-0,9918,27.3351,3.04731,4.05646
177,1,ENG,2018-08-21 9:09,1,182,LR17-200-0,9918,27.3351,3.04731,4.05646
178,1,ENG,2018-08-21 9:22,1,183,LR17-201-0,9913,30.0868,2.68802,3.62123
179,1,ENG,2018-08-21 9:25,1,184,LR17-201-0,9913,30.0868,2.68802,3.62123
180,1,ENG,2018-08-21 9:26,1,185,LR17-201-0,9913,30.0868,2.68802,3.62123
181,1,ENG,2018-08-21 9:27,1,186,LR17-201-0,9913,30.0868,2.68802,3.62123
182,1,ENG,2018-08-21 9:28,1,187,LR17-201-0,9913,30.0868,2.68802,3.62123
183,1,ENG,2018-08-21 9:29,1,188,LR17-201-0,9913,30.0868,2.68802,3.62123
184,1,ENG,2018-08-21 9:32,1,189,LR17-201-0,9913,30.0868,2.68802,3.62123
185,1,ENG,2019-06-03 14:45,1,190,LR17-202-0,10286,26.6674,2.46063,3.37275
186,1,ENG,2018-08-22 15:00,1,191,LR17-204 0,9929,20.0303,1.55912,2.39356
187,1,ENG,2018-08-22 15:01,1,192,LR17-204 0,9929,20.0303,1.55912,2.39356
188,1,ENG,2018-08-22 15:02,1,193,LR17-204 0,9929,20.0303,1.55912,2.39356
189,1,ENG,2018-08-22 15:02,1,194,LR17-204 0,9929,20.0303,1.55912,2.39356
190,1,ENG,2018-08-22 15:05,1,195,LR17-204 0,9929,20.0303,1.55912,2.39356
191,1,ENG,2018-08-22 15:06,1,196,LR17-204 0,9929,20.0303,1.55912,2.39356
192,1,ENG,2018-08-22 15:07,1,197,LR17-204 0,9929,20.0303,1.55912,2.39356
193,1,ENG,2018-08-22 15:07,1,198,LR17-204 0,9929,20.0303,1.55912,2.39356
194,1,ENG,2018-08-22 15:08,1,199,LR17-204 0,9929,20.0303,1.55912,2.39356
195,1,ENG,2018-08-22 15:09,1,200,LR17-204 0,9929,20.0303,1.55912,2.39356
196,1,ENG,2018-08-21 9:37,1,201,LR17-205 0,10210,28.7248,3.06745,4.17737
197,1,ENG,2018-08-21 9:38,1,202,LR17-205 0,10210,28.7248,3.06745,4.17737
198,1,ENG,2018-08-21 9:39,1,203,LR17-205 0,10210,28.7248,3.06745,4.17737
199,1,ENG,2018-08-21 9:41,1,204,LR17-205 0,10210,28.7248,3.06745,4.17737
200,1,ENG,2018-08-21 9:58,1,205,LR17-206 0,10195,28.7165,2.35742,3.41643
201,1,ENG,2018-08-21 9:59,1,206,LR17-206 0,10195,28.7165,2.35742,3.41643
202,1,ENG,2018-08-21 10:04,1,207,LR17-207-0,10254,31.0303,2.4753,3.38692
203,1,ENG,2018-08-21 10:05,1,208,LR17-207-0,10254,31.0303,2.4753,3.38692
204,1,ENG,2018-08-21 10:07,1,209,LR17-207-0,10254,31.0303,2.4753,3.38692
205,1,ENG,2018-08-21 10:08,1,210,LR17-207-0,10254,31.0303,2.4753,3.38692
206,1,ENG,2018-08-21 10:16,1,211,LR18-001-0,10103,27.7395,3.03155,4.06429
207,1,ENG,2018-08-21 10:18,1,212,LR18-001-0,10103,27.7395,3.03155,4.06429
208,1,ENG,2018-08-21 10:19,1,213,LR18-001-0,10103,27.7395,3.03155,4.06429
209,1,ENG,2018-08-21 10:21,1,214,LR18-001-0,10103,27.7395,3.03155,4.06429
210,1,ENG,2018-08-21 10:24,1,215,LR18-001-0,10103,27.7395,3.03155,4.06429
211,1,ENG,2018-08-21 10:25,1,216,LR18-001-0,10103,27.7395,3.03155,4.06429
212,1,ENG,2018-08-21 10:30,1,217,LR18-002-0,10108,29.0204,2.82103,3.65033
213,1,ENG,2018-08-21 10:32,1,218,LR18-002-0,10108,29.0204,2.82103,3.65033
214,1,ENG,2018-08-21 10:34,1,219,LR18-002-0,10108,29.0204,2.82103,3.65033
215,1,ENG,2018-08-21 10:36,1,220,LR18-002-0,10108,29.0204,2.82103,3.65033
216,1,ENG,2018-08-21 10:38,1,221,LR18-002-0,10108,29.0204,2.82103,3.65033
217,1,ENG,2018-08-21 10:39,1,222,LR18-002-0,10108,29.0204,2.82103,3.65033
218,1,ENG,2018-08-21 10:40,1,223,LR18-002-0,10108,29.0204,2.82103,3.65033
219,1,ENG,2018-08-21 10:52,1,224,LR18-003-0,10308,26.8682,2.49776,3.43711
220,1,ENG,2018-08-21 10:54,1,225,LR18-003-0,10308,26.8682,2.49776,3.43711
221,1,ENG,2018-08-21 10:57,1,226,LR18-003-0,10308,26.8682,2.49776,3.43711
222,1,ENG,2018-08-21 10:59,1,227,LR18-003-0,10308,26.8682,2.49776,3.43711
223,1,ENG,2018-08-21 11:01,1,228,LR18-003-0,10308,26.8682,2.49776,3.43711
224,1,ENG,2018-08-21 11:03,1,229,LR18-003-0,10308,26.8682,2.49776,3.43711
225,1,ENG,2018-08-21 11:06,1,230,LR18-003-0,10308,26.8682,2.49776,3.43711
226,1,ENG,2018-08-21 11:16,1,231,LR18-004-0,10271,27.1168,2.63166,3.71384
227,1,ENG,2018-08-21 11:18,1,232,LR18-004-0,10271,27.1168,2.63166,3.71384
228,1,ENG,2018-08-21 11:19,1,233,LR18-004-0,10271,27.1168,2.63166,3.71384
229,1,ENG,2018-08-21 11:21,1,234,LR18-004-0,10271,27.1168,2.63166,3.71384
230,1,ENG,2018-08-21 11:22,1,235,LR18-004-0,10271,27.1168,2.63166,3.71384
231,1,ENG,2018-08-21 11:24,1,236,LR18-004-0,10271,27.1168,2.63166,3.71384
232,1,ENG,2018-08-21 11:25,1,237,LR18-004-0,10271,27.1168,2.63166,3.71384
233,1,ENG,2018-08-21 11:32,1,238,LR18-005-0,10315,26.2366,2.57611,3.4519
234,1,ENG,2018-08-21 11:34,1,239,LR18-005-0,10315,26.2366,2.57611,3.4519
235,1,ENG,2018-08-21 11:37,1,240,LR18-005-0,10315,26.2366,2.57611,3.4519
236,1,ENG,2018-08-21 11:39,1,241,LR18-005-0,10315,26.2366,2.57611,3.4519
237,1,ENG,2018-08-21 11:41,1,242,LR18-005-0,10315,26.2366,2.57611,3.4519
238,1,ENG,2018-08-21 11:42,1,243,LR18-005-0,10315,26.2366,2.57611,3.4519
239,1,ENG,2018-08-21 11:48,1,244,LR18-006-0,10281,26.0493,2.34087,3.32703
240,1,ENG,2018-08-21 11:50,1,245,LR18-006-0,10281,26.0493,2.34087,3.32703
241,1,ENG,2018-08-21 11:51,1,246,LR18-006-0,10281,26.0493,2.34087,3.32703
242,1,ENG,2018-08-21 11:52,1,247,LR18-006-0,10281,26.0493,2.34087,3.32703
243,1,ENG,2018-08-21 11:53,1,248,LR18-006-0,10281,26.0493,2.34087,3.32703
244,1,ENG,2018-08-21 11:55,1,249,LR18-006-0,10281,26.0493,2.34087,3.32703
245,1,ENG,2018-08-21 11:57,1,250,LR18-007-0,10266,25.3201,2.80881,3.63707
246,1,ENG,2018-08-21 12:01,1,251,LR18-007-0,10266,25.3201,2.80881,3.63707
247,1,ENG,2018-08-21 12:06,1,252,LR18-007-0,10266,25.3201,2.80881,3.63707
248,1,ENG,2018-08-21 12:07,1,253,LR18-007-0,10266,25.3201,2.80881,3.63707
249,1,ENG,2018-08-21 12:38,1,254,LR18-010-0,10335,27.3479,2.98477,3.83355
250,1,ENG,2018-08-21 12:39,1,255,LR18-010-0,10335,27.3479,2.98477,3.83355
251,1,ENG,2018-08-21 12:41,1,256,LR18-010-0,10335,27.3479,2.98477,3.83355
252,1,ENG,2018-08-21 12:42,1,257,LR18-010-0,10335,27.3479,2.98477,3.83355
253,1,ENG,2018-08-21 12:43,1,258,LR18-010-0,10335,27.3479,2.98477,3.83355
254,1,ENG,2018-08-21 12:45,1,259,LR18-010-0,10335,27.3479,2.98477,3.83355
255,1,ENG,2018-08-21 12:50,1,260,LR18-011-0,10298,29.9097,2.89433,3.78943
256,1,ENG,2018-08-21 12:51,1,261,LR18-011-0,10298,29.9097,2.89433,3.78943
257,1,ENG,2018-08-21 12:53,1,262,LR18-011-0,10298,29.9097,2.89433,3.78943
258,1,ENG,2018-08-21 12:54,1,263,LR18-011-0,10298,29.9097,2.89433,3.78943
259,1,ENG,2018-08-21 12:55,1,264,LR18-011-0,10298,29.9097,2.89433,3.78943
260,1,ENG,2018-08-21 12:56,1,265,LR18-011-0,10298,29.9097,2.89433,3.78943
261,1,ENG,2018-08-21 13:02,1,266,LR18-012-0,10389,24.3537,2.46171,3.43142
262,1,ENG,2018-08-21 13:04,1,267,LR18-012-0,10389,24.3537,2.46171,3.43142
263,1,ENG,2018-08-21 13:05,1,268,LR18-012-0,10389,24.3537,2.46171,3.43142
264,1,ENG,2018-08-21 13:06,1,269,LR18-012-0,10389,24.3537,2.46171,3.43142
265,1,ENG,2018-08-21 13:07,1,270,LR18-012-0,10389,24.3537,2.46171,3.43142
266,1,ENG,2018-08-21 13:09,1,271,LR18-012-0,10389,24.3537,2.46171,3.43142
267,1,ENG,2018-08-21 13:10,1,272,LR18-012-0,10389,24.3537,2.46171,3.43142
268,1,ENG,2018-08-21 13:20,1,273,LR18-014-0,10292,23.6368,2.96422,3.83643
269,1,ENG,2018-08-21 13:22,1,274,LR18-014-0,10292,23.6368,2.96422,3.83643
270,1,ENG,2018-08-21 13:27,1,275,LR18-015-0,10394,29.0204,2.409,3.45047
271,1,ENG,2018-08-21 13:29,1,276,LR18-015-0,10394,29.0204,2.409,3.45047
272,1,ENG,2018-08-21 13:36,1,277,LR18-016-0,10409,26.4336,3.27628,4.52932
273,1,ENG,2018-08-21 13:38,1,278,LR18-016-0,10409,26.4336,3.27628,4.52932
274,1,ENG,2019-05-22 8:43,1,279,LR18-017 0,10447,25.1767,2.35147,3.46922
275,1,ENG,2019-05-22 8:41,1,280,LR18-018 0,10430,24.3935,2.1799,3.08021
276,1,ENG,2019-05-22 8:39,1,281,LR18-019 0,10435,26.1859,2.97866,4.15889
277,1,ENG,2019-05-22 8:38,1,282,LR18-022 0,10441,29.8202,3.00668,3.91788
278,1,ENG,2019-05-22 8:36,1,283,LR18-023 0,10682,26.2672,2.59369,3.36107
279,1,ENG,2018-08-21 13:47,1,284,LR18-024 0,10692,35.3846,2.61439,3.45472
280,1,ENG,2018-08-21 13:49,1,285,LR18-024 0,10692,35.3846,2.61439,3.45472
281,1,ENG,2018-08-21 13:50,1,286,LR18-024 0,10692,35.3846,2.61439,3.45472
282,1,ENG,2018-08-21 13:51,1,287,LR18-024 0,10692,35.3846,2.61439,3.45472
283,1,ENG,2018-08-21 13:53,1,288,LR18-024 0,10692,35.3846,2.61439,3.45472
284,1,ENG,2018-08-21 13:54,1,289,LR18-024 0,10692,35.3846,2.61439,3.45472
285,1,ENG,2018-08-21 14:03,1,290,LR18-027 0,10717,28.0301,2.86547,3.59352
286,1,ENG,2018-08-21 14:05,1,291,LR18-027 0,10717,28.0301,2.86547,3.59352
287,1,ENG,2018-08-21 14:07,1,292,LR18-027 0,10717,28.0301,2.86547,3.59352
288,1,ENG,2018-08-21 14:08,1,293,LR18-027 0,10717,28.0301,2.86547,3.59352
289,1,ENG,2018-08-21 14:09,1,294,LR18-027 0,10717,28.0301,2.86547,3.59352
290,1,ENG,2018-08-21 14:10,1,295,LR18-027 0,10717,28.0301,2.86547,3.59352
291,1,ENG,2019-08-28 10:16,1,296,LR18-028-0,10837,23.475,2.52987,3.2656
292,1,ENG,2018-08-21 14:19,1,297,LR18-033 0,10677,29.1093,2.65573,3.35554
293,1,ENG,2018-08-21 14:21,1,298,LR18-033 0,10677,29.1093,2.65573,3.35554
294,1,ENG,2018-08-21 14:23,1,299,LR18-033 0,10677,29.1093,2.65573,3.35554
295,1,ENG,2018-08-21 14:24,1,300,LR18-033 0,10677,29.1093,2.65573,3.35554
296,1,ENG,2018-08-21 14:25,1,301,LR18-033 0,10677,29.1093,2.65573,3.35554
297,1,ENG,2018-08-21 14:26,1,302,LR18-033 0,10677,29.1093,2.65573,3.35554
298,1,ENG,2018-08-21 14:27,1,303,LR18-033 0,10677,29.1093,2.65573,3.35554
299,1,ENG,2018-08-21 14:33,1,304,LR18-034-0,10671,25.4776,2.53913,3.25364
300,1,ENG,2018-08-21 14:35,1,305,LR18-034-0,10671,25.4776,2.53913,3.25364
301,1,ENG,2018-08-21 14:36,1,306,LR18-034-0,10671,25.4776,2.53913,3.25364
302,1,ENG,2018-08-21 14:38,1,307,LR18-034-0,10671,25.4776,2.53913,3.25364
303,1,ENG,2018-08-21 14:39,1,308,LR18-034-0,10671,25.4776,2.53913,3.25364
304,1,ENG,2018-08-21 14:40,1,309,LR18-034-0,10671,25.4776,2.53913,3.25364
305,1,ENG,2018-08-21 14:41,1,310,LR18-034-0,10671,25.4776,2.53913,3.25364
306,1,ENG,2018-08-21 14:47,1,311,LR18-039 0,10687,29.9142,2.82368,3.7266
307,1,ENG,2018-08-21 14:49,1,312,LR18-039 0,10687,29.9142,2.82368,3.7266
308,1,ENG,2018-08-21 14:50,1,313,LR18-039 0,10687,29.9142,2.82368,3.7266
309,1,ENG,2018-08-21 14:51,1,314,LR18-039 0,10687,29.9142,2.82368,3.7266
310,1,ENG,2018-08-21 14:53,1,315,LR18-039 0,10687,29.9142,2.82368,3.7266
311,1,ENG,2018-08-21 14:55,1,316,LR18-039 0,10687,29.9142,2.82368,3.7266
312,1,ENG,2018-08-21 14:56,1,317,LR18-039 0,10687,29.9142,2.82368,3.7266
313,1,ENG,2018-08-21 15:04,1,318,LR18-039 0,10687,29.9142,2.82368,3.7266
314,1,ENG,2018-08-21 15:13,1,319,LR18-041-0,10642,27.9595,2.68767,3.46153
315,1,ENG,2018-08-21 15:15,1,320,LR18-041-0,10642,27.9595,2.68767,3.46153
316,1,ENG,2018-08-21 15:16,1,321,LR18-041-0,10642,27.9595,2.68767,3.46153
317,1,ENG,2018-08-21 15:18,1,322,LR18-041-0,10642,27.9595,2.68767,3.46153
318,1,ENG,2018-08-21 15:20,1,323,LR18-041-0,10642,27.9595,2.68767,3.46153
319,1,ENG,2018-08-21 15:21,1,324,LR18-041-0,10642,27.9595,2.68767,3.46153
320,1,ENG,2018-08-21 15:26,1,325,LR18-042-0,10747,29.5416,2.85396,3.76209
321,1,ENG,2018-08-21 15:28,1,326,LR18-042-0,10747,29.5416,2.85396,3.76209
322,1,ENG,2018-08-21 15:30,1,327,LR18-042-0,10747,29.5416,2.85396,3.76209
323,1,ENG,2018-08-21 15:31,1,328,LR18-042-0,10747,29.5416,2.85396,3.76209
324,1,ENG,2018-08-21 15:33,1,329,LR18-042-0,10747,29.5416,2.85396,3.76209
325,1,ENG,2018-08-21 15:37,1,330,LR18-043-0,10758,28.3418,2.48144,3.17172
326,1,ENG,2018-08-21 15:39,1,331,LR18-043-0,10758,28.3418,2.48144,3.17172
327,1,ENG,2018-08-21 15:41,1,332,LR18-043-0,10758,28.3418,2.48144,3.17172
328,1,ENG,2018-08-21 15:42,1,333,LR18-043-0,10758,28.3418,2.48144,3.17172
329,1,ENG,2018-08-21 15:43,1,334,LR18-043-0,10758,28.3418,2.48144,3.17172
330,1,ENG,2018-08-21 15:46,1,335,LR18-043-0,10758,28.3418,2.48144,3.17172
331,1,ENG,2018-08-21 15:51,1,336,LR18-044-0,10666,23.2985,2.24882,3.07865
332,1,ENG,2018-08-21 15:52,1,337,LR18-044-0,10666,23.2985,2.24882,3.07865
333,1,ENG,2018-08-21 15:53,1,338,LR18-044-0,10666,23.2985,2.24882,3.07865
334,1,ENG,2018-08-21 15:55,1,339,LR18-044-0,10666,23.2985,2.24882,3.07865
335,1,ENG,2018-08-21 15:56,1,340,LR18-044-0,10666,23.2985,2.24882,3.07865
336,1,ENG,2018-08-21 15:57,1,341,LR18-044-0,10666,23.2985,2.24882,3.07865
337,1,ENG,2018-08-21 16:01,1,342,LR18-045-0,10627,24.0858,3.19495,4.23304
338,1,ENG,2018-08-21 16:02,1,343,LR18-045-0,10627,24.0858,3.19495,4.23304
339,1,ENG,2018-08-21 16:04,1,344,LR18-045-0,10627,24.0858,3.19495,4.23304
340,1,ENG,2018-08-21 16:06,1,345,LR18-045-0,10627,24.0858,3.19495,4.23304
341,1,ENG,2018-08-21 16:07,1,346,LR18-045-0,10627,24.0858,3.19495,4.23304
342,1,ENG,2018-08-21 16:08,1,347,LR18-045-0,10627,24.0858,3.19495,4.23304
343,1,ENG,2018-08-22 7:59,1,348,LR18-047-0,10938,25.7631,3.15065,3.83558
344,1,ENG,2018-08-22 8:01,1,349,LR18-047-0,10938,25.7631,3.15065,3.83558
345,1,ENG,2018-08-22 8:02,1,350,LR18-047-0,10938,25.7631,3.15065,3.83558
346,1,ENG,2018-08-22 8:04,1,351,LR18-047-0,10938,25.7631,3.15065,3.83558
347,1,ENG,2018-08-22 8:05,1,352,LR18-047-0,10938,25.7631,3.15065,3.83558
348,1,ENG,2018-08-22 8:06,1,353,LR18-047-0,10938,25.7631,3.15065,3.83558
349,1,ENG,2018-08-22 8:13,1,354,LR18-049-0,10813,24.4356,2.36718,3.2212
350,1,ENG,2018-08-22 8:15,1,355,LR18-049-0,10813,24.4356,2.36718,3.2212
351,1,ENG,2018-08-22 8:17,1,356,LR18-049-0,10813,24.4356,2.36718,3.2212
352,1,ENG,2018-08-22 8:18,1,357,LR18-049-0,10813,24.4356,2.36718,3.2212
353,1,ENG,2018-08-22 8:25,1,358,LR18-050-0,10753,22.527,2.5463,3.35127
354,1,ENG,2018-08-22 8:26,1,359,LR18-050-0,10753,22.527,2.5463,3.35127
355,1,ENG,2018-08-22 8:28,1,360,LR18-050-0,10753,22.527,2.5463,3.35127
356,1,ENG,2018-08-22 8:30,1,361,LR18-050-0,10753,22.527,2.5463,3.35127
357,1,ENG,2018-08-22 8:31,1,362,LR18-050-0,10753,22.527,2.5463,3.35127
358,1,ENG,2018-08-22 8:36,1,363,LR18-051-0,10737,29.3828,2.8684,3.69205
359,1,ENG,2018-08-22 8:37,1,364,LR18-051-0,10737,29.3828,2.8684,3.69205
360,1,ENG,2018-08-22 8:39,1,365,LR18-051-0,10737,29.3828,2.8684,3.69205
361,1,ENG,2018-08-22 8:40,1,366,LR18-051-0,10737,29.3828,2.8684,3.69205
362,1,ENG,2018-08-22 8:41,1,367,LR18-051-0,10737,29.3828,2.8684,3.69205
363,1,ENG,2018-08-22 8:50,1,368,LR18-053-0,10768,27.0252,2.44113,3.11327
364,1,ENG,2018-08-22 8:53,1,369,LR18-053-0,10768,27.0252,2.44113,3.11327
365,1,ENG,2018-08-22 8:55,1,370,LR18-053-0,10768,27.0252,2.44113,3.11327
366,1,ENG,2018-08-22 8:56,1,371,LR18-053-0,10768,27.0252,2.44113,3.11327
367,1,ENG,2018-08-22 8:58,1,372,LR18-053-0,10768,27.0252,2.44113,3.11327
368,1,ENG,2018-08-22 8:59,1,373,LR18-053-0,10768,27.0252,2.44113,3.11327
369,1,ENG,2018-08-22 9:03,1,374,LR18-054-0,10742,26.826,2.48272,3.26302
370,1,ENG,2018-08-22 9:04,1,375,LR18-054-0,10742,26.826,2.48272,3.26302
371,1,ENG,2018-08-22 9:08,1,376,LR18-054-0,10742,26.826,2.48272,3.26302
372,1,ENG,2018-08-22 9:10,1,377,LR18-054-0,10742,26.826,2.48272,3.26302
373,1,ENG,2018-08-22 9:17,1,378,LR18-058-0,10787,26.6878,3.0572,3.70999
374,1,ENG,2018-08-22 9:18,1,379,LR18-058-0,10787,26.6878,3.0572,3.70999
375,1,ENG,2018-08-22 9:20,1,380,LR18-058-0,10787,26.6878,3.0572,3.70999
376,1,ENG,2018-08-22 9:21,1,381,LR18-058-0,10787,26.6878,3.0572,3.70999
377,1,ENG,2018-08-22 9:22,1,382,LR18-058-0,10787,26.6878,3.0572,3.70999
378,1,ENG,2018-08-22 9:28,1,383,LR18-059 0,10712,26.5673,2.48421,3.13463
379,1,ENG,2018-08-22 9:29,1,384,LR18-059 0,10712,26.5673,2.48421,3.13463
380,1,ENG,2018-08-22 9:30,1,385,LR18-059 0,10712,26.5673,2.48421,3.13463
381,1,ENG,2018-08-22 9:33,1,386,LR18-060 0,10701,26.4702,2.619,3.35943
382,1,ENG,2018-08-22 9:34,1,387,LR18-060 0,10701,26.4702,2.619,3.35943
383,1,ENG,2018-08-22 9:39,1,388,LR18-061-0,10843,27.3433,2.48198,3.2994
384,1,ENG,2018-08-22 9:40,1,389,LR18-061-0,10843,27.3433,2.48198,3.2994
385,1,ENG,2018-08-22 9:41,1,390,LR18-061-0,10843,27.3433,2.48198,3.2994
386,1,ENG,2018-08-22 9:45,1,391,LR18-062-0,10848,23.9293,2.40272,3.04785
387,1,ENG,2018-08-22 9:47,1,392,LR18-062-0,10848,23.9293,2.40272,3.04785
388,1,ENG,2018-08-22 10:05,1,393,LR18-062-0,10848,23.9293,2.40272,3.04785
389,1,ENG,2018-08-22 10:11,1,394,LR18-063-0,10853,26.1983,2.55574,3.42129
390,1,ENG,2018-08-22 10:12,1,395,LR18-063-0,10853,26.1983,2.55574,3.42129
391,1,ENG,2018-08-22 10:13,1,396,LR18-063-0,10853,26.1983,2.55574,3.42129
392,1,ENG,2018-08-22 10:14,1,397,LR18-063-0,10853,26.1983,2.55574,3.42129
393,1,ENG,2018-08-22 10:15,1,398,LR18-063-0,10853,26.1983,2.55574,3.42129
394,1,ENG,2018-08-22 10:16,1,399,LR18-063-0,10853,26.1983,2.55574,3.42129
395,1,ENG,2018-08-22 10:20,1,400,LR18-069-0,10874,27.4633,2.74213,3.53035
396,1,ENG,2018-08-22 10:25,1,401,LR18-071 0,10868,23.2977,2.56562,3.33082
397,1,ENG,2018-08-22 10:28,1,402,LR18-072-0,10819,25.3851,2.59063,3.44418
398,1,ENG,2018-08-22 10:31,1,403,LR18-073-0,10884,26.9893,2.58473,3.59507
399,1,ENG,2018-08-22 10:38,1,404,LR18-074-0,10889,24.6852,2.42014,3.21986
400,1,ENG,2018-08-22 10:39,1,405,LR18-074-0,10889,24.6852,2.42014,3.21986
401,1,ENG,2018-08-22 10:41,1,406,LR18-074-0,10889,24.6852,2.42014,3.21986
402,1,ENG,2018-08-22 10:42,1,407,LR18-074-0,10889,24.6852,2.42014,3.21986
403,1,ENG,2018-08-22 10:50,1,408,LR18-076-0,10900,24.4927,2.55747,3.40699
404,1,ENG,2018-08-22 10:55,1,409,LR18-077-0,10905,24.9263,2.70342,3.58541
405,1,ENG,2018-08-22 10:56,1,410,LR18-078-0,10910,24.7853,3.14679,3.85716
406,1,ENG,2019-05-22 8:35,1,412,LR18-081-0,10981,23.5099,2.21778,2.99758
407,1,ENG,2018-08-22 11:01,1,413,LR18-082-0,10992,25.8884,2.97988,3.81498
408,1,ENG,2018-08-22 11:06,1,414,LR18-083-0,10997,30.0053,2.95509,3.76069
409,1,ENG,2018-08-22 11:07,1,415,LR18-084-0,11002,24.5622,2.37322,3.15215
410,1,ENG,2018-08-22 11:12,1,416,LR18-085-0,11007,28.0235,2.97225,3.67792
411,1,ENG,2018-08-22 11:14,1,417,LR18-086-0,11012,23.9316,2.50354,3.35747
412,1,ENG,2018-08-22 11:18,1,418,LR18-087 0,11023,28.9781,2.26514,3.23956
413,1,ENG,2018-08-22 11:27,1,419,LR18-088 0,11018,26.0546,2.92012,3.85893
414,1,ENG,2018-08-22 11:33,1,420,LR18-093 0,11038,29.3759,2.76198,3.71138
415,1,ENG,2018-08-22 11:38,1,421,LR18-095 0,11048,24.3397,2.47954,3.28238
416,1,ENG,2018-08-22 11:42,1,422,LR18-103-0,11192,27.8297,2.96273,4.10091
417,1,ENG,2018-08-22 11:44,1,423,LR18-104-0,11197,28.4803,2.69622,3.72566
418,1,ENG,2018-08-22 11:56,1,424,LR18-110 0,11219,27.4083,2.4968,3.37436
419,1,ENG,2018-08-22 12:01,1,425,LR18-111 0,11151,27.8028,2.87504,3.81124
420,1,ENG,2018-08-22 12:02,1,426,LR18-112 0,11156,27.8028,2.87504,3.81124
421,1,ENG,2018-08-22 12:07,1,427,LR18-113-0,11248,27.8592,2.63759,3.73638
422,1,ENG,2018-08-22 12:10,1,428,LR18-116-0,11253,29.3821,2.61284,3.44394
423,1,ENG,2018-08-22 12:14,1,429,LR18-117 0,11229,23.7052,2.54183,3.32677
424,1,ENG,2018-08-22 12:16,1,430,LR18-118-0,11258,24.5497,2.40541,3.19466
425,1,ENG,2018-08-22 12:21,1,431,LR18-119-0,11263,24.9889,2.2409,3.13539
426,1,ENG,2018-08-22 12:22,1,432,LR18-120-0,11268,25.1532,2.62843,3.67712
427,1,ENG,2019-05-22 8:28,1,433,LR18-121-0,11279,25.9289,2.59784,3.55836
428,1,ENG,2019-05-22 8:30,1,434,LR18-121-0,11279,25.9289,2.59784,3.55836
429,1,ENG,2018-08-22 12:42,1,435,LR18-122 0,11224,26.5896,2.41972,3.21553
430,1,ENG,2018-08-22 12:49,1,436,LR18-125-0,11285,27.1725,2.58439,3.45128
431,1,ENG,2018-08-22 12:50,1,437,LR18-126-0,11301,24.0084,2.59909,3.39422
432,1,ENG,2018-08-22 13:31,1,438,LR18-127-1G-0,11515,27.3699,2.39894,3.3994
433,1,ENG,2018-08-22 13:33,1,439,LR18-127-1G-0,11515,27.3699,2.39894,3.3994
434,1,ENG,2018-08-22 13:02,1,443,LR18-150-0,11312,28.8954,2.89422,4.01153
435,1,ENG,2018-08-22 13:03,1,444,LR18-150-0,11312,28.8954,2.89422,4.01153
436,1,ENG,2018-08-22 13:07,1,445,LR18-151-0,11317,28.8872,2.81838,3.87167
437,1,ENG,2019-05-08 9:30,1,446,LR18-151-0,11317,28.8872,2.81838,3.87167
438,1,ENG,2018-08-22 13:11,1,447,LR18-152-0,11322,29.2423,2.57988,3.30532
439,1,ENG,2019-05-08 9:33,1,448,LR18-152-0,11322,29.2423,2.57988,3.30532
440,1,ENG,2018-08-22 13:15,1,449,LR18-153-0,11327,25.8475,2.41184,3.0233
441,1,ENG,2019-05-08 9:35,1,450,LR18-153-0,11327,25.8475,2.41184,3.0233
442,1,ENG,2018-08-22 13:16,1,451,LR18-154-0,11337,25.4876,2.38491,3.14518
443,1,ENG,2019-05-08 9:38,1,452,LR18-154-0,11337,25.4876,2.38491,3.14518
444,1,ENG,2018-08-22 13:21,1,453,LR18-158-0,11390,26.9545,2.57973,3.28302
445,1,ENG,2019-05-08 9:45,1,454,LR18-158-0,11390,26.9545,2.57973,3.28302
446,1,ENG,2019-05-08 9:46,1,455,LR18-159-0,11395,25.0192,2.28468,2.84465
447,1,ENG,2019-05-08 9:48,1,456,LR18-159-0,11395,25.0192,2.28468,2.84465
448,1,ENG,2019-05-08 9:49,1,457,LR18-160-0,11400,25.3239,2.47038,3.37931
449,1,ENG,2019-05-08 9:50,1,458,LR18-160-0,11400,25.3239,2.47038,3.37931
450,1,ENG,2018-08-22 13:22,1,459,LR18-162-0,11360,26.905,2.82792,3.65569
451,1,ENG,2019-05-08 9:56,1,460,LR18-162-0,11360,26.905,2.82792,3.65569
452,1,ENG,2019-05-08 9:58,1,461,LR18-164-0,11370,28.9561,2.78272,3.57589
453,1,ENG,2019-05-08 9:59,1,462,LR18-164-0,11370,28.9561,2.78272,3.57589
454,1,ENG,2019-05-08 10:01,1,463,LR18-165-0,11375,34.0977,2.31828,3.03514
455,1,ENG,2019-05-08 10:01,1,464,LR18-165-0,11375,34.0977,2.31828,3.03514
456,1,ENG,2019-05-08 10:03,1,465,LR18-166-0,11471,27.2821,2.71752,3.3275
457,1,ENG,2019-05-08 10:04,1,466,LR18-166-0,11471,27.2821,2.71752,3.3275
458,1,ENG,2019-05-08 10:08,1,469,LR18-168-0,11477,25.3689,2.36798,3.019
459,1,ENG,2019-05-08 10:08,1,470,LR18-168-0,11477,25.3689,2.36798,3.019
460,1,ENG,2019-05-07 14:30,1,471,LR18-171-0,11487,30.5411,2.9641,3.67911
461,1,ENG,2019-05-07 14:31,1,472,LR18-171-0,11487,30.5411,2.9641,3.67911
462,1,ENG,2019-05-07 14:27,1,473,LR18-172-0,11465,25.3758,2.47553,3.35255
463,1,ENG,2019-05-07 14:28,1,474,LR18-172-0,11465,25.3758,2.47553,3.35255
464,1,ENG,2019-05-07 14:16,1,475,LR18-173-0,11460,26.2671,2.55991,3.34635
465,1,ENG,2019-05-07 14:18,1,476,LR18-173-0,11460,26.2671,2.55991,3.34635
466,1,ENG,2019-05-07 14:14,1,477,LR18-174-0,11449,25.6948,2.55622,3.29935
467,1,ENG,2019-05-07 14:15,1,478,LR18-174-0,11449,25.6948,2.55622,3.29935
468,1,ENG,2019-05-07 14:12,1,479,LR18-177-0,11434,27.6635,2.70477,3.46423
469,1,ENG,2019-05-07 14:13,1,480,LR18-177-0,11434,27.6635,2.70477,3.46423
470,1,ENG,2019-05-07 14:09,1,481,LR18-178-0,11385,29.1442,2.86384,3.42788
471,1,ENG,2019-05-07 14:10,1,482,LR18-178-0,11385,29.1442,2.86384,3.42788
472,1,ENG,2019-05-07 9:10,1,483,LR18-179-0,11429,26.6329,2.79158,3.7975
473,1,ENG,2019-05-07 9:11,1,484,LR18-179-0,11429,26.6329,2.79158,3.7975
474,1,ENG,2019-05-07 9:08,1,485,LR18-183-0,11419,27.9929,3.16568,3.92225
475,1,ENG,2019-05-07 9:09,1,486,LR18-183-0,11419,27.9929,3.16568,3.92225
476,1,ENG,2019-05-07 9:05,1,487,LR18-189-0,11492,29.8071,2.60947,3.70082
477,1,ENG,2019-05-07 9:06,1,488,LR18-189-0,11492,29.8071,2.60947,3.70082
478,1,ENG,2019-05-07 8:57,1,489,LR18-191-0,11557,26.2232,2.46565,3.58734
479,1,ENG,2019-05-07 8:58,1,490,LR18-191-0,11557,26.2232,2.46565,3.58734
480,1,ENG,2019-05-07 8:54,1,491,LR18-192-0,11567,29.3945,2.60172,3.37525
481,1,ENG,2019-05-07 8:55,1,492,LR18-192-0,11567,29.3945,2.60172,3.37525
482,1,ENG,2019-05-07 8:50,1,493,LR18-195-0,11547,22.3954,1.96557,3.00885
483,1,ENG,2019-05-07 8:52,1,494,LR18-195-0,11547,22.3954,1.96557,3.00885
484,1,ENG,2019-05-07 8:47,1,495,LR18-200-0,11536,27.9585,2.84814,3.91614
485,1,ENG,2019-05-07 8:48,1,496,LR18-200-0,11536,27.9585,2.84814,3.91614
486,1,ENG,2019-05-07 8:14,1,497,LR18-204-0,11530,29.5539,2.72254,3.85481
487,1,ENG,2019-05-07 8:15,1,498,LR18-204-0,11530,29.5539,2.72254,3.85481
488,1,ENG,2019-05-07 8:11,1,499,LR18-205-0,11624,28.5545,2.61802,3.4509
489,1,ENG,2019-05-07 8:13,1,500,LR18-205-0,11624,28.5545,2.61802,3.4509
490,1,ENG,2019-05-07 8:09,1,504,LR18-209-0,11598,25.7951,2.59477,3.40066
491,1,ENG,2019-05-07 8:10,1,505,LR18-209-0,11598,25.7951,2.59477,3.40066
492,1,ENG,2019-05-07 8:07,1,506,LR18-211-0,11604,25.8622,2.53387,3.45514
493,1,ENG,2019-05-07 8:08,1,507,LR18-211-0,11604,25.8622,2.53387,3.45514
494,1,ENG,2019-05-28 14:59,1,508,LR18-212-0,11634,25.4408,2.69977,3.76813
495,1,ENG,2019-05-28 15:00,1,509,LR18-212-0,11634,25.4408,2.69977,3.76813
496,1,ENG,2019-05-28 15:01,1,510,LR18-212-0,11634,25.4408,2.69977,3.76813
497,1,ENG,2019-05-28 15:02,1,511,LR18-212-0,11634,25.4408,2.69977,3.76813
498,1,ENG,2019-05-28 14:55,1,512,LR18-213-0,11639,27.2846,2.87588,3.87411
499,1,ENG,2019-05-28 14:56,1,513,LR18-213-0,11639,27.2846,2.87588,3.87411
500,1,ENG,2019-05-28 14:57,1,514,LR18-213-0,11639,27.2846,2.87588,3.87411
501,1,ENG,2019-05-28 14:57,1,515,LR18-213-0,11639,27.2846,2.87588,3.87411
502,1,ENG,2019-05-07 8:04,1,516,LR18-215-0,11644,28.3547,2.58471,3.51004
503,1,ENG,2019-05-07 8:04,1,517,LR18-215-0,11644,28.3547,2.58471,3.51004
504,1,ENG,2019-05-06 15:38,1,518,LR18-216-0,11609,26.4497,2.88452,4.08415
505,1,ENG,2019-05-06 15:38,1,519,LR18-216-0,11609,26.4497,2.88452,4.08415
506,1,ENG,2019-05-06 15:34,1,523,LR18-227-0,11674,27.631,2.36959,3.29578
507,1,ENG,2019-05-06 15:35,1,524,LR18-227-0,11674,27.631,2.36959,3.29578
508,1,ENG,2019-05-06 15:31,1,525,LR18-230-0,11684,27.9044,2.29881,3.22582
509,1,ENG,2019-05-06 15:32,1,526,LR18-230-0,11684,27.9044,2.29881,3.22582
510,1,ENG,2019-05-06 15:28,1,527,LR18-231-0,11701,23.5402,2.4637,3.53213
511,1,ENG,2019-05-06 15:29,1,528,LR18-231-0,11701,23.5402,2.4637,3.53213
512,1,ENG,2019-05-28 14:51,1,529,LR18-236-0,11913,29.785,2.88847,3.90381
513,1,ENG,2019-05-28 14:52,1,530,LR18-236-0,11913,29.785,2.88847,3.90381
514,1,ENG,2019-05-28 14:53,1,531,LR18-236-0,11913,29.785,2.88847,3.90381
515,1,ENG,2019-05-28 14:54,1,532,LR18-236-0,11913,29.785,2.88847,3.90381
516,1,ENG,2019-05-28 14:30,1,533,LR18-237-0,11790,29.4067,2.90867,3.85793
517,1,ENG,2019-05-28 14:31,1,534,LR18-237-0,11790,29.4067,2.90867,3.85793
518,1,ENG,2019-05-28 14:32,1,535,LR18-237-0,11790,29.4067,2.90867,3.85793
519,1,ENG,2019-05-28 14:24,1,536,LR18-238-0,11918,30.0972,2.85314,3.82004
520,1,ENG,2019-05-28 14:25,1,537,LR18-238-0,11918,30.0972,2.85314,3.82004
521,1,ENG,2019-05-28 14:26,1,538,LR18-238-0,11918,30.0972,2.85314,3.82004
522,1,ENG,2019-05-28 14:27,1,539,LR18-238-0,11918,30.0972,2.85314,3.82004
523,1,ENG,2019-05-28 14:18,1,540,LR18-239-0,11923,27.3716,2.69191,3.85487
524,1,ENG,2019-05-28 14:19,1,541,LR18-239-0,11923,27.3716,2.69191,3.85487
525,1,ENG,2019-05-28 14:20,1,542,LR18-239-0,11923,27.3716,2.69191,3.85487
526,1,ENG,2019-05-28 14:21,1,543,LR18-239-0,11923,27.3716,2.69191,3.85487
527,1,ENG,2019-05-28 14:14,1,544,LR18-240-0,11795,27.5305,2.70882,3.83455
528,1,ENG,2019-05-28 14:15,1,545,LR18-240-0,11795,27.5305,2.70882,3.83455
529,1,ENG,2019-05-28 14:16,1,546,LR18-240-0,11795,27.5305,2.70882,3.83455
530,1,ENG,2019-05-28 14:16,1,547,LR18-240-0,11795,27.5305,2.70882,3.83455
531,1,ENG,2019-05-06 14:02,1,548,LR19-002-0,11716,NULL,NULL,NULL
532,1,ENG,2019-05-06 14:04,1,549,LR19-002-0,11716,NULL,NULL,NULL
533,1,ENG,2019-05-06 14:00,1,550,LR19-003-0,11722,NULL,NULL,NULL
534,1,ENG,2019-05-06 14:01,1,551,LR19-003-0,11722,NULL,NULL,NULL
535,1,ENG,2019-05-06 13:58,1,552,LR19-005-0,11928,NULL,NULL,NULL
536,1,ENG,2019-05-06 13:59,1,553,LR19-005-0,11928,NULL,NULL,NULL
537,1,ENG,2019-05-06 13:56,1,554,LR19-006-0,11933,NULL,NULL,NULL
538,1,ENG,2019-05-06 13:57,1,555,LR19-006-0,11933,NULL,NULL,NULL
539,1,ENG,2019-05-06 13:53,1,556,LR19-007-0,11938,NULL,NULL,NULL
540,1,ENG,2019-05-06 13:54,1,557,LR19-007-0,11938,NULL,NULL,NULL
541,1,ENG,2019-05-06 13:46,1,563,LR19-013R-0,11949,NULL,NULL,NULL
542,1,ENG,2019-05-06 13:47,1,564,LR19-013R-0,11949,NULL,NULL,NULL
543,1,ENG,2019-05-06 13:44,1,565,LR19-014-0,11954,NULL,NULL,NULL
544,1,ENG,2019-05-06 13:45,1,566,LR19-014-0,11954,NULL,NULL,NULL
545,1,ENG,2019-05-06 13:30,1,567,LR19-016-0,11959,NULL,NULL,NULL
546,1,ENG,2019-05-06 13:43,1,568,LR19-016-0,11959,NULL,NULL,NULL
547,1,ENG,2019-05-06 13:28,1,569,LR19-017-0,11964,NULL,NULL,NULL
548,1,ENG,2019-05-06 13:29,1,570,LR19-017-0,11964,NULL,NULL,NULL
549,1,ENG,2019-05-06 12:22,1,571,LR19-024-0,11805,NULL,NULL,NULL
550,1,ENG,2019-05-06 12:23,1,572,LR19-024-0,11805,NULL,NULL,NULL
551,1,ENG,2019-05-06 12:14,1,573,LR19-025-0,11761,NULL,NULL,NULL
552,1,ENG,2019-05-06 12:15,1,574,LR19-025-0,11761,NULL,NULL,NULL
553,1,ENG,2019-05-06 12:12,1,575,LR19-026-0,11810,NULL,NULL,NULL
554,1,ENG,2019-05-06 12:13,1,576,LR19-026-0,11810,NULL,NULL,NULL
555,1,ENG,2019-05-06 12:10,1,577,LR19-027-0,11814,NULL,NULL,NULL
556,1,ENG,2019-05-06 12:10,1,578,LR19-027-0,11814,NULL,NULL,NULL
557,1,ENG,2019-05-06 12:06,1,579,LR19-028-0,11820,NULL,NULL,NULL
558,1,ENG,2019-05-06 12:07,1,580,LR19-028-0,11820,NULL,NULL,NULL
559,1,ENG,2019-05-06 12:02,1,581,LR19-029-0,11825,NULL,NULL,NULL
560,1,ENG,2019-05-06 12:03,1,582,LR19-029-0,11825,NULL,NULL,NULL
561,1,ENG,2019-05-06 11:59,1,583,LR19-031-0,11857,NULL,NULL,NULL
562,1,ENG,2019-05-06 12:00,1,584,LR19-031-0,11857,NULL,NULL,NULL
563,1,ENG,2019-05-06 11:53,1,585,LR19-033-0,11878,NULL,NULL,NULL
564,1,ENG,2019-05-06 11:56,1,586,LR19-033-0,11878,NULL,NULL,NULL
565,1,ENG,2019-04-26 14:14,1,587,LR19-034-0,11883,NULL,NULL,NULL
566,1,ENG,2019-04-26 14:17,1,588,LR19-034-0,11883,NULL,NULL,NULL
567,1,ENG,2019-04-26 14:16,1,589,LR19-034-0,11883,NULL,NULL,NULL
568,1,ENG,2019-04-26 14:21,1,590,LR19-035-0,11888,NULL,NULL,NULL
569,1,ENG,2019-04-26 14:23,1,591,LR19-035-0,11888,NULL,NULL,NULL
570,1,ENG,2019-04-26 14:26,1,592,LR19-035-0,11888,NULL,NULL,NULL
571,1,ENG,2019-04-26 14:28,1,593,LR19-035-0,11888,NULL,NULL,NULL
572,1,ENG,2019-04-26 14:29,1,594,LR19-035-0,11888,NULL,NULL,NULL
573,1,ENG,2019-04-26 14:33,1,595,LR19-035-0,11888,NULL,NULL,NULL
574,1,ENG,2019-04-26 14:36,1,596,LR19-036-0,11893,NULL,NULL,NULL
575,1,ENG,2019-04-26 14:38,1,597,LR19-036-0,11893,NULL,NULL,NULL
576,1,ENG,2019-04-26 14:41,1,598,LR19-036-0,11893,NULL,NULL,NULL
577,1,ENG,2019-04-26 14:44,1,599,LR19-036-0,11893,NULL,NULL,NULL
578,1,ENG,2019-04-26 14:46,1,600,LR19-036-0,11893,NULL,NULL,NULL
579,1,ENG,2019-04-26 14:48,1,601,LR19-036-0,11893,NULL,NULL,NULL
580,1,ENG,2019-05-06 11:47,1,602,LR19-037-0,11898,NULL,NULL,NULL
581,1,ENG,2019-05-06 8:02,1,603,LR19-037-0,11898,NULL,NULL,NULL
582,1,ENG,2019-05-06 11:48,1,604,LR19-037-0,11898,NULL,NULL,NULL
583,1,ENG,2019-05-06 11:48,1,605,LR19-037-0,11898,NULL,NULL,NULL
584,1,ENG,2019-04-24 8:56,1,608,LR19-043-0,11979,NULL,NULL,NULL
585,1,ENG,2019-04-24 8:59,1,609,LR19-043-0,11979,NULL,NULL,NULL
586,1,ENG,2019-04-24 8:47,1,615,LR19-047-0,11984,NULL,NULL,NULL
587,1,ENG,2019-04-24 8:53,1,616,LR19-047-0,11984,NULL,NULL,NULL
588,1,ENG,2019-04-24 8:42,1,617,LR19-048-0,11989,NULL,NULL,NULL
589,1,ENG,2019-04-24 8:44,1,618,LR19-048-0,11989,NULL,NULL,NULL
590,1,ENG,2019-04-24 8:50,1,619,LR19-048-0,11989,NULL,NULL,NULL
591,1,ENG,2019-04-24 8:27,1,620,LR19-049-0,11994,NULL,NULL,NULL
592,1,ENG,2019-04-24 8:32,1,621,LR19-049-0,11994,NULL,NULL,NULL
593,1,ENG,2019-04-17 15:07,1,622,LR19-052-0,11903,NULL,NULL,NULL
594,1,ENG,2019-04-17 15:13,1,623,LR19-052-0,11903,NULL,NULL,NULL
595,1,ENG,2019-04-17 15:04,1,624,LR19-053-0,11908,NULL,NULL,NULL
596,1,ENG,2019-04-17 15:15,1,625,LR19-053-0,11908,NULL,NULL,NULL
597,1,ENG,2019-04-17 14:54,1,628,LR19-057-0,12013,NULL,NULL,NULL
598,1,ENG,2019-04-17 14:47,1,629,LR19-057-0,12013,NULL,NULL,NULL
599,1,ENG,2019-04-17 14:41,1,630,LR19-058-0,12018,NULL,NULL,NULL
600,1,ENG,2019-04-17 14:34,1,631,LR19-058-0,12018,NULL,NULL,NULL
601,1,ENG,2019-05-22 11:20,1,632,LR19-060-0,12312,NULL,NULL,NULL
602,1,ENG,2019-05-22 11:21,1,633,LR19-060-0,12312,NULL,NULL,NULL
603,1,ENG,2019-05-22 11:17,1,634,LR19-061-0,12040,NULL,NULL,NULL
604,1,ENG,2019-05-22 11:18,1,635,LR19-061-0,12040,NULL,NULL,NULL
605,1,ENG,2019-05-22 11:15,1,636,LR19-062-0,12045,NULL,NULL,NULL
606,1,ENG,2019-05-22 11:16,1,637,LR19-062-0,12045,NULL,NULL,NULL
607,1,ENG,2019-05-22 11:10,1,638,LR19-063-0,12056,NULL,NULL,NULL
608,1,ENG,2019-05-22 11:07,1,639,LR19-063-0,12056,NULL,NULL,NULL
609,1,ENG,2019-05-22 11:04,1,640,LR19-064-0,12061,NULL,NULL,NULL
610,1,ENG,2019-05-22 11:05,1,641,LR19-064-0,12061,NULL,NULL,NULL
611,1,ENG,2019-05-22 10:50,1,644,LR19-080-0,12066,NULL,NULL,NULL
612,1,ENG,2019-05-22 10:51,1,645,LR19-080-0,12066,NULL,NULL,NULL
613,1,ENG,2019-05-22 10:47,1,646,LR19-081-0,12119,NULL,NULL,NULL
614,1,ENG,2019-05-22 10:49,1,647,LR19-081-0,12119,NULL,NULL,NULL
615,1,ENG,2019-05-22 9:37,1,659,LR19-086-0,12129,NULL,NULL,NULL
616,1,ENG,2019-05-22 9:39,1,660,LR19-086-0,12129,NULL,NULL,NULL
617,1,ENG,2019-05-22 9:34,1,661,LR19-087-0,12134,NULL,NULL,NULL
618,1,ENG,2019-05-22 9:35,1,662,LR19-087-0,12134,NULL,NULL,NULL
619,1,ENG,2019-05-28 15:40,1,664,LR19-092-0,12152,NULL,NULL,NULL
620,1,ENG,2019-05-28 15:40,1,665,LR19-092-0,12152,NULL,NULL,NULL
621,1,ENG,2019-05-28 15:41,1,666,LR19-092-0,12152,NULL,NULL,NULL
622,1,ENG,2019-05-28 15:37,1,667,LR19-093-0,12157,NULL,NULL,NULL
623,1,ENG,2019-05-28 15:38,1,668,LR19-093-0,12157,NULL,NULL,NULL
624,1,ENG,2019-05-28 15:33,1,669,LR19-095-0,12236,NULL,NULL,NULL
625,1,ENG,2019-05-28 15:34,1,670,LR19-095-0,12236,NULL,NULL,NULL
626,1,ENG,2019-05-28 15:35,1,671,LR19-095-0,12236,NULL,NULL,NULL
627,1,ENG,2019-05-29 9:10,1,672,LR19-096-0,12241,NULL,NULL,NULL
628,1,ENG,2019-05-29 9:11,1,673,LR19-096-0,12241,NULL,NULL,NULL
629,1,ENG,2019-05-29 9:14,1,674,LR19-096-0,12241,NULL,NULL,NULL
630,1,ENG,2019-05-29 9:16,1,675,LR19-096-0,12241,NULL,NULL,NULL
631,1,ENG,2019-05-29 9:17,1,676,LR19-096-0,12241,NULL,NULL,NULL
632,1,ENG,2019-05-29 9:19,1,677,LR19-096-0,12241,NULL,NULL,NULL
633,1,ENG,2019-05-29 9:58,1,678,LR19-097-0,12246,NULL,NULL,NULL
634,1,ENG,2019-05-29 9:59,1,679,LR19-097-0,12246,NULL,NULL,NULL
635,1,ENG,2019-05-29 10:00,1,680,LR19-097-0,12246,NULL,NULL,NULL
636,1,ENG,2019-05-29 10:02,1,681,LR19-097-0,12246,NULL,NULL,NULL
637,1,ENG,2019-05-29 10:04,1,682,LR19-097-0,12246,NULL,NULL,NULL
638,1,ENG,2019-05-29 10:05,1,683,LR19-097-0,12246,NULL,NULL,NULL
639,1,ENG,2019-06-03 15:32,1,684,LR19-098-0,12251,NULL,NULL,NULL
640,1,ENG,2019-06-03 15:34,1,685,LR19-098-0,12251,NULL,NULL,NULL
641,1,ENG,2019-06-03 15:35,1,686,LR19-098-0,12251,NULL,NULL,NULL
642,1,ENG,2019-06-17 15:24,1,687,LR19-100-0,12307,NULL,NULL,NULL
643,1,ENG,2019-06-17 15:25,1,688,LR19-100-0,12307,NULL,NULL,NULL
644,1,ENG,2019-06-17 15:26,1,689,LR19-100-0,12307,NULL,NULL,NULL
645,1,ENG,2019-06-17 15:21,1,690,LR19-101-0,12256,NULL,NULL,NULL
646,1,ENG,2019-06-17 15:21,1,691,LR19-101-0,12256,NULL,NULL,NULL
647,1,ENG,2019-06-17 15:22,1,692,LR19-101-0,12256,NULL,NULL,NULL
648,1,ENG,2019-06-17 15:14,1,693,LR19-102-0,12261,NULL,NULL,NULL
649,1,ENG,2019-06-17 15:16,1,694,LR19-102-0,12261,NULL,NULL,NULL
650,1,ENG,2019-06-17 15:05,1,695,LR19-103-0,12266,NULL,NULL,NULL
651,1,ENG,2019-06-17 15:06,1,696,LR19-103-0,12266,NULL,NULL,NULL
652,1,ENG,2019-06-17 15:06,1,697,LR19-103-0,12266,NULL,NULL,NULL
653,1,ENG,2019-06-17 14:59,1,698,LR19-104-0,12271,NULL,NULL,NULL
654,1,ENG,2019-06-17 15:00,1,699,LR19-104-0,12271,NULL,NULL,NULL
655,1,ENG,2019-06-17 15:02,1,700,LR19-104-0,12271,NULL,NULL,NULL
656,1,ENG,2019-06-17 14:50,1,701,LR19-105-0,12276,NULL,NULL,NULL
657,1,ENG,2019-06-17 14:51,1,702,LR19-105-0,12276,NULL,NULL,NULL
658,1,ENG,2019-06-17 14:52,1,703,LR19-105-0,12276,NULL,NULL,NULL
659,1,ENG,2019-06-20 9:48,1,705,LR19-109-0,12292,NULL,NULL,NULL
660,1,ENG,2019-06-20 9:48,1,706,LR19-109-0,12292,NULL,NULL,NULL
661,1,ENG,2019-06-20 9:49,1,707,LR19-109-0,12292,NULL,NULL,NULL
662,1,ENG,2019-06-20 9:44,1,708,LR19-110-0,12297,NULL,NULL,NULL
663,1,ENG,2019-06-20 9:44,1,709,LR19-110-0,12297,NULL,NULL,NULL
664,1,ENG,2019-06-20 9:45,1,710,LR19-110-0,12297,NULL,NULL,NULL
665,1,ENG,2019-06-20 9:31,1,711,LR19-111-0,12302,NULL,NULL,NULL
666,1,ENG,2019-06-20 9:31,1,712,LR19-111-0,12302,NULL,NULL,NULL
667,1,ENG,2019-06-20 9:33,1,713,LR19-111-0,12302,NULL,NULL,NULL
668,1,ENG,2019-06-20 9:27,1,714,LR19-113-0,12322,NULL,NULL,NULL
669,1,ENG,2019-06-20 9:28,1,715,LR19-113-0,12322,NULL,NULL,NULL
670,1,ENG,2019-07-02 14:57,1,716,LR19-114-0,12327,NULL,NULL,NULL
671,1,ENG,2019-07-02 14:58,1,717,LR19-114-0,12327,NULL,NULL,NULL
672,1,ENG,2019-07-02 14:59,1,718,LR19-114-0,12327,NULL,NULL,NULL
673,1,ENG,2019-07-02 15:05,1,719,LR19-115-0,12332,NULL,NULL,NULL
674,1,ENG,2019-07-02 15:06,1,720,LR19-115-0,12332,NULL,NULL,NULL
675,1,ENG,2019-07-02 15:06,1,721,LR19-115-0,12332,NULL,NULL,NULL
676,1,ENG,2019-07-02 14:40,1,722,LR19-116-0,12337,NULL,NULL,NULL
677,1,ENG,2019-07-02 14:41,1,723,LR19-116-0,12337,NULL,NULL,NULL
678,1,ENG,2019-07-02 14:42,1,724,LR19-116-0,12337,NULL,NULL,NULL
679,1,ENG,2019-07-02 14:51,1,725,LR19-117-0,12342,NULL,NULL,NULL
680,1,ENG,2019-07-02 14:53,1,726,LR19-117-0,12342,NULL,NULL,NULL
681,1,ENG,2019-07-02 14:53,1,727,LR19-117-0,12342,NULL,NULL,NULL
682,1,ENG,2019-07-02 14:17,1,728,LR19-118-0,12347,NULL,NULL,NULL
683,1,ENG,2019-07-02 14:19,1,729,LR19-118-0,12347,NULL,NULL,NULL
684,1,ENG,2019-07-02 14:21,1,730,LR19-118-0,12347,NULL,NULL,NULL
685,1,ENG,2019-07-02 13:51,1,736,LR19-124-0,12363,NULL,NULL,NULL
686,1,ENG,2019-07-02 13:54,1,737,LR19-124-0,12363,NULL,NULL,NULL
687,1,ENG,2019-07-02 13:55,1,738,LR19-124-0,12363,NULL,NULL,NULL
688,1,ENG,2019-07-02 13:43,1,739,LR19-125-0,12368,NULL,NULL,NULL
689,1,ENG,2019-07-02 13:44,1,740,LR19-125-0,12368,NULL,NULL,NULL
690,1,ENG,2019-07-02 13:47,1,741,LR19-125-0,12368,NULL,NULL,NULL
691,1,ENG,2019-07-02 13:28,1,742,LR19-126-0,12373,NULL,NULL,NULL
692,1,ENG,2019-07-02 13:29,1,743,LR19-126-0,12373,NULL,NULL,NULL
693,1,ENG,2019-07-02 13:30,1,744,LR19-126-0,12373,NULL,NULL,NULL
694,1,ENG,2019-07-02 13:22,1,745,LR19-127-0,12383,NULL,NULL,NULL
695,1,ENG,2019-07-02 13:23,1,746,LR19-127-0,12383,NULL,NULL,NULL
696,1,ENG,2019-07-02 13:24,1,747,LR19-127-0,12383,NULL,NULL,NULL
697,1,ENG,2019-07-03 13:38,1,748,LR19-128-0,12388,NULL,NULL,NULL
698,1,ENG,2019-07-03 13:39,1,749,LR19-128-0,12388,NULL,NULL,NULL
699,1,ENG,2019-07-03 13:40,1,750,LR19-128-0,12388,NULL,NULL,NULL
700,1,ENG,2019-04-01 8:40,1,783,LR19-050-0,11999,NULL,NULL,NULL
701,1,ENG,2018-11-13 11:23,1,784,LR18-109 0,11146,27.8711,2.54159,4.31131
702,1,ENG,2018-11-13 11:17,1,785,LR18-115 0,11161,25.4751,2.48418,3.99632
703,1,ENG,2018-11-13 11:14,1,786,LR18-123 0,11234,25.6934,2.52382,3.9898
704,1,ENG,2018-11-13 12:15,1,787,LR18-013-0,10399,26.3911,2.35213,4.25972
705,1,ENG,2018-11-13 11:11,1,788,LR18-148-0R,11310,23.996,2.50372,4.09866
706,1,ENG,2018-11-13 12:22,1,789,LR18-155-0,11355,26.3804,2.45372,4.05333
707,1,ENG,2018-11-13 11:01,1,790,LR18-156-0,11342,23.5127,2.23073,3.64392
708,1,ENG,2018-11-13 10:58,1,791,LR18-157-0,11347,23.7774,2.33099,3.71973
709,1,ENG,2018-11-13 12:19,1,792,LR18-161-0,11407,25.96,2.3055,3.79977
710,1,ENG,2018-11-13 10:53,1,793,LR18-163-0,11365,30.9828,2.35315,3.98184
711,1,ENG,2018-11-13 10:48,1,794,LR18-169-0,11482,35.3267,2.49696,3.89718
712,1,ENG,2018-11-13 10:43,1,795,LR18-170-0,11380,29.2869,2.48385,3.79523
713,1,ENG,2018-11-13 10:39,1,796,LR18-175-0,11439,26.4398,2.50892,4.14051
714,1,ENG,2018-11-13 10:35,1,797,LR18-176-0,11444,22.4289,2.49284,3.89402
715,1,ENG,2018-11-13 10:31,1,798,LR18-180-0,11413,28.1039,2.54198,3.8829
716,1,ENG,2018-11-13 10:22,1,800,LR18-182-0,11424,25.9389,2.59471,4.32313
717,1,ENG,2018-10-24 9:02,1,801,LR18-190-0,11552,26.543,2.61916,4.14187
718,1,ENG,2018-10-26 8:04,1,802,LR18-193-0,11868,24.5761,2.35937,4.00414
719,1,ENG,2018-11-13 10:10,1,804,LR18-194-0,11520,27.1079,2.46677,4.27033
720,1,ENG,2018-11-15 8:00,1,805,LR18-194-0,11520,27.1079,2.46677,4.27033
721,1,ENG,2018-11-15 8:00,1,806,LR18-194-0,11520,27.1079,2.46677,4.27033
722,1,ENG,2018-11-15 8:01,1,807,LR18-194-0,11520,27.1079,2.46677,4.27033
723,1,ENG,2018-11-15 7:52,1,808,LR18-201-0,11572,26.8248,2.55873,4.44073
724,1,ENG,2018-11-16 7:51,1,809,LR18-201-0,11572,26.8248,2.55873,4.44073
725,1,ENG,2018-11-16 7:51,1,810,LR18-201-0,11572,26.8248,2.55873,4.44073
726,1,ENG,2018-11-16 7:52,1,811,LR18-201-0,11572,26.8248,2.55873,4.44073
727,1,ENG,2018-11-27 15:18,1,812,LR18-208-0,11593,28.3232,2.82488,4.57889
728,1,ENG,2018-11-27 15:19,1,813,LR18-208-0,11593,28.3232,2.82488,4.57889
729,1,ENG,2018-11-27 15:19,1,814,LR18-208-0,11593,28.3232,2.82488,4.57889
730,1,ENG,2018-11-13 12:12,1,815,LR18-021 0,10452,24.6739,2.44427,3.92943
731,1,ENG,2018-12-06 8:42,1,816,LR18-210-0,11629,27.9622,2.48355,4.15775
732,1,ENG,2018-12-06 8:43,1,817,LR18-210-0,11629,27.9622,2.48355,4.15775
733,1,ENG,2018-12-06 8:44,1,818,LR18-210-0,11629,27.9622,2.48355,4.15775
734,1,ENG,2019-01-24 8:51,1,821,LR18-224-0,11663,25.179,2.26315,4.26543
735,1,ENG,2018-12-18 8:45,1,822,LR18-226-0,11669,29.8144,2.26546,3.8159
736,1,ENG,2019-01-23 11:33,1,823,LR18-229-0,11679,27.8132,2.53911,4.4115
737,1,ENG,2019-01-24 8:54,1,824,LR18-232-0,11706,28.8621,2.40923,4.19915
738,1,ENG,2018-11-13 12:03,1,829,LR18-032-0,10723,23.4881,2.23961,3.75464
739,1,ENG,2018-11-13 11:59,1,830,LR18-040-0,10637,27.6223,2.51443,3.97211
740,1,ENG,2018-11-13 11:55,1,831,LR18-046-0,10632,27.0591,2.56876,4.14372
741,1,ENG,2018-11-13 11:53,1,832,LR18-048-0,10773,25.3856,2.47043,3.99538
742,1,ENG,2018-11-13 11:48,1,833,LR18-055-0,10797,24.559,2.43861,3.96277
743,1,ENG,2018-11-13 11:42,1,834,LR18-070-0,10863,24.6922,2.39991,3.67158
744,1,ENG,2018-11-13 11:38,1,835,LR18-075-0,10916,27.7389,2.67672,4.23785
745,1,ENG,2018-11-13 12:28,1,836,LR18-008-0R,10325,28.4704,2.46425,4.07276
746,1,ENG,2018-11-13 11:34,1,837,LR18-089 0,11028,26.383,2.77373,4.4704
747,1,ENG,2018-11-13 12:25,1,838,LR18-009-0R,10333,25.6448,2.60215,4.41248
748,1,ENG,2018-11-13 11:32,1,839,LR18-090 0,11033,26.7808,2.49737,4.26786
749,1,ENG,2018-11-13 11:29,1,840,LR18-094 0,11043,31.1211,2.62492,4.41162
750,1,ENG,2019-01-23 11:25,1,841,LR19-001-0,11711,NULL,NULL,NULL
751,1,ENG,2019-01-23 12:35,1,842,LR19-004-0,11727,NULL,NULL,NULL
752,1,ENG,2019-01-23 12:39,1,843,LR19-008-0,11944,NULL,NULL,NULL
753,1,ENG,2019-02-04 15:10,1,844,LR19-015-0,11736,NULL,NULL,NULL
754,1,ENG,2019-02-04 15:15,1,845,LR19-018-0,12024,NULL,NULL,NULL
755,1,ENG,2019-02-12 9:06,1,846,LR19-023-0,11756,NULL,NULL,NULL
756,1,ENG,2019-03-04 15:26,1,847,LR19-030-0,11830,NULL,NULL,NULL
757,1,ENG,2019-03-04 15:32,1,848,LR19-032-0,11873,NULL,NULL,NULL
758,1,ENG,2019-03-20 15:04,1,849,LR19-040-0,11969,NULL,NULL,NULL
759,1,ENG,2019-03-22 8:00,1,850,LR19-041-0,11974,NULL,NULL,NULL
760,1,ENG,2019-04-01 8:33,1,851,LR19-050-0,11999,NULL,NULL,NULL
